dataset_id,dataset_family,dataset_name,provider_name,provider_type,primary_url,api_url,download_url,documentation_url,metadata_url,access_type,api_available,api_type,supports_bulk_download,requires_registration,rate_limits,authentication_method,data_format_primary,data_format_secondary,metadata_standard,compression,coordinate_reference_system,grid_type,description_short,description_long,primary_variables,derived_variables,spatial_representation,intended_use_cases,spatial_scope,spatial_resolution,spatial_units,geographic_coverage_notes,temporal_coverage_start,temporal_coverage_end,temporal_resolution,update_frequency,timeliness,real_time_capability,first_release_year,current_version,versioning_scheme,maintenance_status,last_update_date,update_log_url,license_type,license_url,usage_constraints,citation_requirement,redistribution_allowed,quality_flags_available,uncertainty_fields_available,validation_method,dataset_limitations,related_datasets,parent_collection,child_datasets,duplicate_with,superseded_by,belongs_to_MCP_server,contact_email,contact_form_url,institution_country,funding_agency,notes_internal,notes_for_MCP_wrapping,notes_for_agent_usage,provider,description,api_endpoint,thematic_type,temporal_coverage,data_formats,licence,notes,source_type,auth_env_hints,registration_required,registration_url
copernicus_climate_data_store,Copernicus Climate Data Store (CDS),Climate Data Store,Copernicus Climate Change Service (C3S),European climate service,https://cds.climate.copernicus.eu/,https://cds.climate.copernicus.eu/how-to-api,https://cds.climate.copernicus.eu/,https://cds.climate.copernicus.eu/user-guide,https://cds.climate.copernicus.eu/how-to-api,open with registration,True,CDS API,True,True,,,,,,,,,"Open-source Python tools simplifying data access, processing, analysis, visualisation and much more",,,,,"climate reanalysis, seasonal forecasts, climate indicators",global,,,,,,,,,,,,,,,,,,,,,,,,,,,,,,EO/Climate MCP,,,,,Umbrella collection; treat this as a family root. Manual mapping applied for pattern 'cds.climate.copernicus.eu'.,Auto-generated from primary URL; review and enrich manually.,,,,,,,,,,,,,
copernicus_land_cover_classification_gridded_maps_f,Copernicus Climate Data Store (CDS),Land cover classification gridded maps from 1992 to present derived from satellite observations,Copernicus Climate Change Service (C3S),European climate service,https://cds.climate.copernicus.eu/datasets/satellite-land-cover?tab=overview,https://cds.climate.copernicus.eu/stac-browser/collections/satellite-land-cover,https://cds.climate.copernicus.eu/,https://cds.climate.copernicus.eu/user-guide,https://cds.climate.copernicus.eu/datasets/satellite-land-cover?tab=quality_assurance_tab#qa_metadata,open with registration,True,CDS API,True,True,,,,,,,,,"This dataset provides global maps describing the land surface into 22 classes, which have been defined using the United Nations Food and Agriculture Organization’s (UN FAO) Land Cover Classification System (LCCS). In addition to the land cover  (LC) maps, four quality flags are produced to docume...",,,,,"climate reanalysis, seasonal forecasts, climate indicators",global,,,,,,,,,,,,,,,,,,,,,,,,,,,,,,EO/Climate MCP,,,,,Umbrella collection; treat this as a family root. Manual mapping applied for pattern 'cds.climate.copernicus.eu'.,Auto-generated from primary URL; review and enrich manually.,,,,,,,,,,,,,
euroveg_eva-database-re-survey-europe,,eva-database-re-survey-europe,EUROVEG,,http://euroveg.org/eva-database-re-survey-europe,,,,,,False,,False,,,,,,,,,,,,,,,,continental,,,,,,,,,,,,,,,,,,,,,,,,,,,,,,,,,,,,Auto-generated from primary URL; review and enrich manually.,,,,,,,,,,,,,
google_earth_engine_data_catalog_ | _google_for,,Earth Engine Data Catalog  |  Google for Developers,GOOGLE,,https://developers.google.com/earth-engine/datasets/,https://developers.google.com/earth-engine,https://developers.google.com/earth-engine/datasets,https://developers.google.com/earth-engine,https://developers.google.com/earth-engine/datasets,registration or restricted,True,,True,True,,,,,,,,,"Google Earth Engine combines a multi-petabyte catalog of satellite imagery and geospatial datasets with planetary-scale analysis capabilities and makes it available for scientists, researchers, and developers to detect changes, map trends, and quantify differences on the Earth's surface.",,,,,,continental,,,,,,,,,,,,,,,,,,,,,,,,,,,,,,,,,,,,Auto-generated from primary URL; review and enrich manually.,,,,,,,,,,,,,
google_copernicus_global_land_cover_layers:_cgl,,Copernicus Global Land Cover Layers: CGLS-LC100 Collection 3  |  Earth Engine Data Catalog  |  Google for Developers,GOOGLE,,https://developers.google.com/earth-engine/datasets/catalog/COPERNICUS_Landcover_100m_Proba-V-C3_Global#description,https://developers.google.com/earth-engine,https://developers.google.com/earth-engine/datasets,https://developers.google.com/earth-engine,https://developers.google.com/earth-engine/datasets,registration or restricted,True,,True,True,,,,,,,,,The Copernicus Global Land Service (CGLS) is earmarked as a component of the Land service to operate a multi-purpose service component that provides a series of bio-geophysical products on the status and evolution of land surface at global scale. The Dynamic Land Cover map at 100 m resolution (CG...,,,,,,global,,,,,,,,,,,,,,,,,,,,,,,,,,,,,,,,,,,,Auto-generated from primary URL; review and enrich manually.,,,,,,,,,,,,,
google_dynamic_world_v1_ | _earth_engine_data_c,Dynamic World,Dynamic World V1 global near-real-time land cover,Google / World Resources Institute,tech company + NGO,https://developers.google.com/earth-engine/datasets/catalog/GOOGLE_DYNAMICWORLD_V1,https://developers.google.com/earth-engine,https://developers.google.com/earth-engine/datasets,https://developers.google.com/earth-engine,https://developers.google.com/earth-engine/datasets,open with terms,True,GEE dataset ID,True,True,,,,,GEE internal,,,,Dynamic World is a 10m near-real-time (NRT) Land Use/Land Cover (LULC) dataset that includes class probabilities and label information for nine classes. Dynamic World predictions are available for the Sentinel-2 L1C collection from 2015-06-27 to present. The revisit frequency of Sentinel-2 is bet...,,land cover class probabilities (10 classes),,raster grid,"near-real-time land cover, deforestation monitoring, land-use change analysis",global,10 m,meters,,,,5 days (Sentinel-2 revisit),near-real-time,,,,,,,,,,,,,,,,,,,,,,,EO/Land Cover MCP,,,,,High-frequency global land cover; great for change detection. Manual mapping applied for pattern 'developers.google.com/earth-engine/datasets/catalog/google_dynamicworld_v1'.,Auto-generated from primary URL; review and enrich manually.,,,,,,,,,,,,,
copernicus_catalogue_—_climate_data_store,Copernicus Climate Data Store (CDS),Catalogue — Climate Data Store,Copernicus Climate Change Service (C3S),European climate service,https://cds.climate.copernicus.eu/datasets,,https://cds.climate.copernicus.eu/,https://cds.climate.copernicus.eu/user-guide,,open with registration,True,CDS API,True,True,,,,,,,,,Search for datasets inside the CDS catalogue,,,,,"climate reanalysis, seasonal forecasts, climate indicators",global,,,,,,,,,,,,,,,,,,,,,,,,,,,,,,EO/Climate MCP,,,,,Umbrella collection; treat this as a family root. Manual mapping applied for pattern 'cds.climate.copernicus.eu'.,Auto-generated from primary URL; review and enrich manually.,,,,,,,,,,,,,
ugent_forestreplot_database,,forestREplot database,UGENT,,https://forestreplot.ugent.be/,,https://forestreplot.ugent.be/data.html,,,open,False,,True,False,,,,,,,,,"forestREplot is a database of forest herb layer resurvey plots, spread across the temperate zones of the globe.",,,,,,global,,,,,,,,,,,,,,,,,,,,,,,,,,,,,,,,,,,,Auto-generated from primary URL; review and enrich manually.,,,,,,,,,,,,,
"maaamet_wms,_wfs,_wcs_teenused_|_geoportaal_|_ma",Maa-amet Geoportaal,"WMS, WFS, WCS teenused | Geoportaal | Maa- ja Ruumiamet",Maa-amet (Estonian Land Board),national mapping agency,https://geoportaal.maaamet.ee/est/teenused/wms-wfs-wcs-teenused-p65.html,https://geoportaal.maaamet.ee/est/teenused/wms-wfs-wcs-teenused-p65.html,,https://geoportaal.maaamet.ee/est/teenused/in-ads/in-ads-konteinerlahendus/in-ads-konteinerlahenduse-paigaldusjuhis-p925.html,,open with terms,True,OGC WMS/WFS/WCS,False,True,,,,,,,,,"Geoportaal - Maa ja Ruumiameti ruumiandmete veebileht: kaardirakendused, ruumiandmed, kaardid, teenused, andmete allalaadimine",,,,"vector parcels, rasters, WMS/WFS services","cadastral mapping, topography, land use, national base datasets",national,,,,,,,,,,,,,,,,,,,,,,,,,,,,,,National/Cadastral MCP,,,,,Key national-level authority datasets for Estonia. Manual mapping applied for pattern 'geoportaal.maaamet.ee'.,Auto-generated from primary URL; review and enrich manually.,,,,,,,,,,,,,
google_satellite_embedding_v1_ | _earth_engine_,Google Satellite Embeddings,Google Satellite Embedding V1 Annual,Google,tech company,https://developers.google.com/earth-engine/datasets/catalog/GOOGLE_SATELLITE_EMBEDDING_V1_ANNUAL,https://developers.google.com/earth-engine,https://developers.google.com/earth-engine/datasets,https://developers.google.com/earth-engine,https://developers.google.com/earth-engine/datasets,open with terms,True,GEE dataset ID,True,True,,,,,,,,,"The Google Satellite Embedding dataset is a global, analysis-ready collection of learned geospatial embeddings. Each 10-meter pixel in this dataset is a 64-dimensional representation, or &quot;embedding vector,&quot; that encodes temporal trajectories of surface conditions at and around that pixe...",,latent embedding vectors derived from multi-spectral imagery,,raster grid (latent features),"transfer learning, feature extraction for land-use, infrastructure, and environment",global,"≈500 m (variable, depending on implementation)",,,,,annual,annual,,,,,,,,,,,,,,,,,,,,,,,EO/Feature Embeddings MCP,,,,,Precomputed embeddings can massively reduce EO feature engineering effort. Manual mapping applied for pattern 'developers.google.com/earth-engine/datasets/catalog/google_satellite_embedding_v1_annual'.,Auto-generated from primary URL; review and enrich manually.,,,,,,,,,,,,,
global-change-data-lab_global_change_data_lab,Our World in Data,Global Change Data Lab,Global Change Data Lab,non-profit,https://global-change-data-lab.org/,,https://ourworldindata.org,,,registration or restricted,False,,True,True,,,,,,,,,"The Global Change Data Lab is a non-profit research organization in the education sector. Our purpose is to advance education in how global living conditions and the earth’s environment are changing, through the production and maintenance of public online resources and related products.",,,,,,global,,,,,,,,,,,,,,,,,,,,,,,,,,,,,,,,,,,Manual mapping applied for pattern 'global-change-data-lab.org'.,Auto-generated from primary URL; review and enrich manually.,,,,,,,,,,,,,
copernicus_please_update_your_bookmarks_—_copernicu,Copernicus Global Land Service (CGLS),Please update your bookmarks — Copernicus Land Monitoring Service,Copernicus Land Monitoring Service,European land service,https://land.copernicus.eu/global/,https://documentation.dataspace.copernicus.eu/APIs/SentinelHub/Data/CLMS.html,https://land.copernicus.eu/en/dataset-catalog,https://land.copernicus.eu/en/how-to-guides,https://land.copernicus.eu/en/dataset-catalog,open with terms,True,OGC/HTTP,True,False,,,,,,,,,"The Copernicus Data Space Ecosystem (CDSE) is currently onboarding the CLMS products; this action will allow users to explore a full range of additional possibilities in data access, visualization and processing. The data ingestion process is expected to last until the end of 2025.",,,,raster grid,"land cover, vegetation, biophysical indicators, global monitoring",global,,,,,,,,,,,,,,,,,,,,,,,,,,,,,,EO/Land Cover MCP,,,,,"Includes global land cover, LAI, FAPAR, etc. Key for vegetation monitoring. Manual mapping applied for pattern 'land.copernicus.eu/global'.",Auto-generated from primary URL; review and enrich manually.,,,,,,,,,,,,,
copernicus_vegetation_—_copernicus_land_monitoring_,CGLS LAI,Leaf Area Index (LAI) - CGLS,Copernicus Land Monitoring Service,European land service,https://land.copernicus.eu/global/products/lai,,https://land.copernicus.eu/en/dataset-catalog,https://land.copernicus.eu/en/how-to-guides,https://land.copernicus.eu/en/dataset-catalog,open with terms,True,OGC/HTTP,True,False,,,,,,,,,"The Vegetation product group provides products describing the state, the dynamism and the disturbances of the terrestrial vegetation. The global vegetation product suite is available as long-term timeseries at lower lever of details. At pan-European level the products are available at higher leve...",,Leaf Area Index (LAI),,raster grid,"vegetation structure, forest condition, ecosystem modelling",global,,,,,,10-day composites,near-real-time,,,,,,,,,,,,,,,,,,,,,,,EO/Land Cover MCP,,,,,"Includes global land cover, LAI, FAPAR, etc. Key for vegetation monitoring. Manual mapping applied for pattern 'land.copernicus.eu/global'. Manual mapping applied for pattern 'land.copernicus.eu/global/products/lai'.",Auto-generated from primary URL; review and enrich manually.,,,,,,,,,,,,,
vito_application.html,,Application.html,VITO,,"https://land.copernicus.vgt.vito.be/PDF/portal/Application.html#Browse;Root=512260;Collection=1000062;Time=NORMAL,NORMAL,-1,,,-1",,,,,,False,,False,,,,,,,,,,,,,,,,,,,,,,,,,,,,,,,,,,,,,,,,,,,,,,,,,,,,Auto-generated from primary URL; review and enrich manually.,,,,,,,,,,,,,
ipbes_history_of_the_establishment_of_ipbes_|_,,History of the establishment of IPBES | IPBES secretariat,IPBES,,https://ipbes.net/node/36431,,,https://ipbes.net/documents,,registration or restricted,False,,False,True,,,,,,,,,"At a meeting on biodiversity and ecosystem services in June 2010, States adopted the Busan outcome document which stated that “an intergovernmental science-policy platform for biodiversity and ecosystem services should be established”. By resolution 65/162 of 20 December 2010, the General Assembl...",,,,,,,,,,,,,,,,,,,,,,,,,,,,,,,,,,,,,,,,,,Auto-generated from primary URL; review and enrich manually.,,,,,,,,,,,,,
ourworldindata_our_world_in_data,Our World in Data,OWID Grapher datasets,Our World in Data,non-profit / research organisation,https://ourworldindata.org/,https://ourworldindata.org/vaping-vs-smoking-health-risks,https://ourworldindata.org/,https://ourworldindata.org/data-insights#most-recent-data-insight,,open,True,HTTP CSV / Grapher API,True,False,,,CSV,,,,,,Research and data to make progress against the world’s largest problems,,various socio-economic and environmental indicators,,tabular (country-year indicators),"macro context, socio-economic covariates, policy benchmarks",global (country-level),,,,,,,,,,,,,,,,,,,,,,,,,,,,,,Socio-economic/Statistics MCP,,,,,Useful for country-level covariates and narrative indicators. Manual mapping applied for pattern 'ourworldindata.org'.,Auto-generated from primary URL; review and enrich manually.,,,,,,,,,,,,,
ourworldindata_how_we’re_funded_-_our_world_in_data,Our World in Data,OWID Grapher datasets,Our World in Data,non-profit / research organisation,https://ourworldindata.org/funding,,https://ourworldindata.org/,,,open,True,HTTP CSV / Grapher API,True,True,,,CSV,,,,,,"Our World in Data is a collaborative effort between researchers at the University of Oxford, who are the scientific editors of the website content; and the non-profit organization Global Change Data Lab (GCDL), which publishes and maintains the website and the data tools that make our work possible.",,various socio-economic and environmental indicators,,tabular (country-year indicators),"macro context, socio-economic covariates, policy benchmarks",global (country-level),,,,,,,,,,,,,,,,,,,,,,,,,,,,,,Socio-economic/Statistics MCP,,,,,Useful for country-level covariates and narrative indicators. Manual mapping applied for pattern 'ourworldindata.org'.,Auto-generated from primary URL; review and enrich manually.,,,,,,,,,,,,,
ourworldindata_population_-_our_world_in_data,Our World in Data,OWID Grapher datasets,Our World in Data,non-profit / research organisation,https://ourworldindata.org/grapher/population-with-un-projections,,https://ourworldindata.org/,,,open,True,HTTP CSV / Grapher API,True,False,,,CSV,,,,,,Future projections are based on the UN medium scenario.,,various socio-economic and environmental indicators,,tabular (country-year indicators),"macro context, socio-economic covariates, policy benchmarks",global (country-level),,,,,,,,,,,,,,,,,,,,,,,,,,,,,,Socio-economic/Statistics MCP,,,,,Useful for country-level covariates and narrative indicators. Manual mapping applied for pattern 'ourworldindata.org'.,Auto-generated from primary URL; review and enrich manually.,,,,,,,,,,,,,
wri_forest_carbon_removals_-_datasets_-_wri_,,Forest Carbon Removals - Datasets - WRI ODP,WRI,,https://datasets.wri.org/datasets/gfw-forest-carbon-gross-removals,https://www.globalforestwatch.org/map/?map=eyJkYXRhc2V0cyI6W3siZGF0YXNldCI6ImNhcmJvbi1yZW1vdmFscyIsIm9wYWNpdHkiOjEsInZpc2liaWxpdHkiOnRydWUsImxheWVycyI6WyJjYXJib24tcmVtb3ZhbHMtMjAwMS0yMDIwIl19LHsiZGF0YXNldCI6InBvbGl0aWNhbC1ib3VuZGFyaWVzIiwibGF5ZXJzIjpbImRpc3B1dGVkLXBvbGl0aWNhbC1ib3VuZGFyaWVzIiwicG9saXRpY2FsLWJvdW5kYXJpZXMiXSwib3BhY2l0eSI6MSwidmlzaWJpbGl0eSI6dHJ1ZX1dfQ%3D%3D,https://datasets.wri.org/search,https://datasets.wri.org/user-guide,,registration or restricted,True,OGC,True,True,,,,,,,,,This gross removals layer is part of the forest carbon flux model described in Harris et al. (2021). This paper introduces a geospatial monitoring framework for estimating global forest carbon fluxes which can assist a variety of actors and organizations with tracking greenhouse gas fluxes from f...,,,,,,,,,,,,,,,,,,,,,,,,,,,,,,,,,,,,,,,,,,Auto-generated from primary URL; review and enrich manually.,,,,,,,,,,,,,
ourworldindata_nuclear_energy_-_our_world_in_data,Our World in Data,OWID Grapher datasets,Our World in Data,non-profit / research organisation,https://ourworldindata.org/nuclear-energy,https://ourworldindata.org/grapher/co2-emissions-fossil-land?stackMode=relative,https://ourworldindata.org/,,,open,True,HTTP CSV / Grapher API,True,False,,,CSV,,,,,,Explore global data on nuclear energy production and the safety of nuclear technologies.,,various socio-economic and environmental indicators,,tabular (country-year indicators),"macro context, socio-economic covariates, policy benchmarks",global (country-level),,,,,,,,,,,,,,,,,,,,,,,,,,,,,,Socio-economic/Statistics MCP,,,,,Useful for country-level covariates and narrative indicators. Manual mapping applied for pattern 'ourworldindata.org'.,Auto-generated from primary URL; review and enrich manually.,,,,,,,,,,,,,
ourworldindata_search_-_our_world_in_data,Our World in Data,OWID Grapher datasets,Our World in Data,non-profit / research organisation,https://ourworldindata.org/search,,https://ourworldindata.org/,,,open,True,HTTP CSV / Grapher API,True,False,,,CSV,,,,,,Search articles and charts on Our World in Data. Filter by country or subject area to discover insights on global issues supported by reliable data.,,various socio-economic and environmental indicators,,tabular (country-year indicators),"macro context, socio-economic covariates, policy benchmarks",global (country-level),,,,,,,,,,,,,,,,,,,,,,,,,,,,,,Socio-economic/Statistics MCP,,,,,Useful for country-level covariates and narrative indicators. Manual mapping applied for pattern 'ourworldindata.org'.,Auto-generated from primary URL; review and enrich manually.,,,,,,,,,,,,,
copernicus_clms_portfolio_—_copernicus_land_monitor,Copernicus Imagery & In Situ,CLMS portfolio — Copernicus Land Monitoring Service,COPERNICUS,,https://land.copernicus.eu/imagery-in-situ,,https://land.copernicus.eu/en/dataset-catalog,https://land.copernicus.eu/en/how-to-guides,https://land.copernicus.eu/en/dataset-catalog,open,False,,True,False,,,,,,,,,"Full-coverage land cover and land use mapping tracks different types of land cover and its changes in Europe and around the world. European maps include detailed layers showing the extent of impervious surfaces, tree cover and forests, grasslands, croplands, small woody areas and water and wetness.",,,,,"reference layers, orthophotos, in-situ support for EO products",continental,,,,,,,,,,,,,,,,,,,,,,,,,,,,,,EO/Land Cover MCP,,,,,Manual mapping applied for pattern 'land.copernicus.eu/imagery-in-situ'.,Auto-generated from primary URL; review and enrich manually.,,,,,,,,,,,,,
figshare_item_-_natural_forests_of_the_world_2020,,Item - Natural forests of the world 2020 - probability maps - Figshare+ - Figshare,FIGSHARE,,https://plus.figshare.com/articles/dataset/Natural_forests_of_the_world_2020_-_probability_maps/28881731,,https://plus.figshare.com/ndownloader/articles/28881731/versions/2,https://info.figshare.com/user-guide/figshare-plus-user-guide/,,open with terms,False,,True,False,,,,,,,,,Natural forests of the world 2020 - probability maps,,,,,,global,,,,,,,,,,,,,,,,,,,,,,,,,,,,,,,,,,,,Auto-generated from primary URL; review and enrich manually.,,,,,,,,,,,,,
resilient-planet-data_resilient_planet_data_hub,,Resilient Planet Data Hub,RESILIENT-PLANET-DATA,,https://resilient-planet-data.org/,,,,,open,False,,False,False,,,,,,,,,Open data for a more resilient planet,,,,,,,,,,,,,,,,,,,,,,,,,,,,,,,,,,,,,,,,,,Auto-generated from primary URL; review and enrich manually.,,,,,,,,,,,,,
googleapis_global_forest_change,,Global Forest Change,GOOGLEAPIS,,https://storage.googleapis.com/earthenginepartners-hansen/GFC-2025-v1.13/download.html,https://storage.googleapis.com/earthenginepartners-hansen/GFC-2025-v1.13/download_v1.0.html,https://storage.googleapis.com/earthenginepartners-hansen/GFC-2025-v1.13/Hansen_GFC-2025-v1.13_treecover2000_40N_080W.tif,,,registration or restricted,True,REST,True,True,,,GeoTIFF,,,,,,"Results from time-series analysis of Landsat images in characterizing global forest extent and change from 2000 through 2025.  For additional information about these results, please see the associated journal article (Hansen et al., Science 2013).",,,,,,,,,,,,,,,,,,,,,,,,,,,,,,,,,,,,,,,,,,Auto-generated from primary URL; review and enrich manually.,,,,,,,,,,,,,
esg-intelligence_blockchain-for-sustainability,,blockchain-for-sustainability,ESG-INTELLIGENCE,,https://esg-intelligence.com/blockchain-for-sustainability/,,,,,,False,,False,,,,,,,,,,,,,,,,,,,,,,,,,,,,,,,,,,,,,,,,,,,,,,,,,,,,Auto-generated from primary URL; review and enrich manually.,,,,,,,,,,,,,
readthedocs_introduction_to_geospatial_data_—_torchg,TorchGeo,Introduction to Geospatial Data — torchgeo 0.7.2 documentation,TorchGeo,open-source library,https://torchgeo.readthedocs.io/en/stable/tutorials/geospatial.html,https://torchgeo.readthedocs.io/en/stable/api/datamodules.html,https://torchgeo.readthedocs.io/en/stable/api/datamodules.html,https://pytorch.org/executorch/stable/index.html,,open with terms,True,REST,True,False,,,,,,,,,Run PyTorch locally or get started quickly with one of the supported cloud platforms,,,,,,,,,,,,,,,,,,,,,,,,,,,,,,,,,,,,,,,,,Manual mapping applied for pattern 'torchgeo.readthedocs.io'.,Auto-generated from primary URL; review and enrich manually.,,,,,,,,,,,,,
esa_esa_worldcover_2020,,ESA WorldCover 2020,ESA,,https://worldcover2020.esa.int/viewer,,https://worldcover2020.esa.int/download,https://worldcover2020.esa.int/documentation,,open,False,,True,False,,,,,,,,,"ESA WorldCover 2020 global land cover product at 10 m resolution. Considering the heavy download of the WorldCover map at 10m, a web interface was developed to mainly visualize and interact with data.",,,,,,global,,,,,,,,,,,,,,,,,,,,,,,,,,,,,,,,,,,,Auto-generated from primary URL; review and enrich manually.,,,,,,,,,,,,,
ecmwf_era5,ERA5,ERA5 atmospheric reanalysis,ECMWF,European weather centre,https://www.ecmwf.int/en/forecasts/datasets/reanalysis-datasets/era5,,,https://confluence.ecmwf.int/display/CKB/ERA5%3A+data+documentation,,open with registration,True,CDS API,False,True,,,,,,,,,,,,,raster grid,"climate reanalysis, NWP training, weather and climate research",global,,,,1940.0,ongoing,hourly,monthly / near-real-time,,,,,,,,,,,,,,,,,,,,,,,EO/Climate MCP,,,,,High-value global climate backbone; prioritize MCP wrapping. Manual mapping applied for pattern 'ecmwf.int/en/forecasts/datasets/reanalysis-datasets/era5'.,Auto-generated from primary URL; review and enrich manually.,,,,,,,,,,,,,
gbif_gbif,GBIF,GBIF species occurrence portal,GBIF,global biodiversity infrastructure,https://www.gbif.org/,https://api.gbif.org/v1/,https://www.gbif.org/occurrence/download,https://www.gbif.org/developer/summary,https://www.gbif.org/resource/search?contentType=tool,open,True,REST + BigQuery,True,False,,,,,,,,,"GBIF—the Global Biodiversity Information Facility—is an international network and data infrastructure funded by the world's governments and aimed at providing anyone, anywhere, open access to data about all types of life on Earth.",,,,point occurrences,"biodiversity occurrence modelling, SDMs, data-rich conservation planning",global,,,,,,,,,,,,,,,,"various open licenses, mostly CC-BY / CC0",,,,,,,,,,,,,,Biodiversity/Occurrences MCP,,,,,Primary global occurrences provider. BigQuery mirror useful for heavy queries. Manual mapping applied for pattern 'gbif.org'.,Auto-generated from primary URL; review and enrich manually.,,,,,,,,,,,,,
cbd_geobon-headline-indicators-en.pdf,GEOBON EBV Headline Indicators,GEOBON Headline Indicators,GEO BON,,https://www.cbd.int/doc/c/815b/9afa/941a22fc6c8760acbf3ab6a3/geobon-headline-indicators-en.pdf,,,,,,False,,False,,,,,,,,,,,,,,,"policy reporting, TNFD-style risk metrics, global biodiversity tracking",global,,,,,,,,,,,,,,,,,,,,,,,,,,,,,,Biodiversity/Indicators MCP,,,,,Manual mapping applied for pattern 'geobon-headline-indicators-en.pdf'.,Auto-generated from primary URL; review and enrich manually.,,,,,,,,,,,,,
ipbes_ipbes_home_page_|_ipbes_secretariat,,IPBES Home page | IPBES secretariat,IPBES,,https://www.ipbes.net/,,https://files.ipbes.net/ipbes-web-prod-public-files/2025-11/em_2025_59_dialogue_knowledge_gaps.pdf,https://www.ipbes.net/documents,,registration or restricted,False,,True,True,,,,,,,,,The Intergovernmental Science-Policy Platform on Biodiversity and Ecosystem Services (IPBES) is the intergovernmental body which assesses the state of biodiversity and of the ecosystem services.,,,,,,,,,,,,,,,,,,,,,,,,,,,,,,,,,,,,,,,,,,Auto-generated from primary URL; review and enrich manually.,,,,,,,,,,,,,
worldclim_help_—_worldclim_1_documentation,WorldClim,WorldClim global climate surfaces,WorldClim,academic / research consortium,https://www.worldclim.org/data/help.html,,https://www.worldclim.org/data/worldclim21.html,,,open with terms,False,,True,False,,,,,,,,,,,,,raster grid,"species distribution modelling, ecological niche modelling, climate envelopes",global,,,,1970.0,recent historical and future scenarios,monthly climatologies,infrequent (versioned releases),,,,,,,,,,,,,,,,,,,,,,,EO/Climate MCP,,,,,Static/global climate grids; complement ERA5 for SDMs. Manual mapping applied for pattern 'worldclim.org'.,Auto-generated from primary URL; review and enrich manually.,,,,,,,,,,,,,
worldclim_global_climate_and_weather_data_—_worldc,WorldClim,WorldClim global climate surfaces,WorldClim,academic / research consortium,https://www.worldclim.org/data/index.html,,https://www.worldclim.org/data/worldclim21.html,https://www.worldclim.org/data/help.html,,open with terms,False,,True,False,,,,,,,,,WorldClim is a database of high spatial resolution global weather and climate data. These data can be used for mapping and spatial modeling. The data are provided for use in research and related activities; and some specialized skill and knowledge is needed to use them (here is some help). More easily available data for the general public will soon be available here.,,,,raster grid,"species distribution modelling, ecological niche modelling, climate envelopes",global,,,,1970.0,recent historical and future scenarios,monthly climatologies,infrequent (versioned releases),,,,,,,,,,,,,,,,,,,,,,,EO/Climate MCP,,,,,Static/global climate grids; complement ERA5 for SDMs. Manual mapping applied for pattern 'worldclim.org'.,Auto-generated from primary URL; review and enrich manually.,,,,,,,,,,,,,
worldclim_index.html,WorldClim,WorldClim global climate surfaces,WorldClim,academic / research consortium,https://www.worldclim.org/maps/index.html,,,,,open with terms,False,,True,False,,,,,,,,,,,,,raster grid,"species distribution modelling, ecological niche modelling, climate envelopes",global,,,,1970.0,recent historical and future scenarios,monthly climatologies,infrequent (versioned releases),,,,,,,,,,,,,,,,,,,,,,,EO/Climate MCP,,,,,Static/global climate grids; complement ERA5 for SDMs. Manual mapping applied for pattern 'worldclim.org'.,Auto-generated from primary URL; review and enrich manually.,,,,,,,,,,,,,
globio_globioweb_|_globio_-_global_biodiversity,,GLOBIOweb | GLOBIO - Global biodiversity model for policy support - homepage,GLOBIO,,https://www.globio.info/globioweb,https://globiowebapi.globio.info/ogc/wmts?service=wmts&version=1.0.0&request=getcapabilities,https://www.fao.org/faostat/en,,,open,True,REST,True,False,,,,,,,,,"GLOBIOweb is a online tool designed to provide easy access to indicators and spatial data generated with the GLOBIO model. Via the interface, users can easily view and navigate over the global map and explore model results for recent years as well as future scenarios. To support further offline mapping and analysis, users can select and download model results for a region and year of interest. ...",,,,,,,,,,,,,,,,,,,,,,,,,,,,,,,,,,,,,,,,,,Auto-generated from primary URL; review and enrich manually.,,,,,,,,,,,,,
geobon_ebv_data_portal,GEOBON EBVs,GEOBON Essential Biodiversity Variables,GEO BON,global biodiversity observing network,https://portal.geobon.org/home,https://portal.geobon.org/api/swagger-ui/,https://portal.geobon.org/downloads/pdf/data-policy.pdf,,,open with terms,False,REST,True,True,,,,,,,,,EBV Data Portal,,,,mix of raster maps and tabular indicators,"headline biodiversity indicators, policy-relevant biodiversity monitoring",global / regional (depending on EBV),,,,,,,,,,,,,,,,,,,,,,,,,,,,,,Biodiversity/Indicators MCP,,,,,EBV-based indicators; good for tying occurrence-based models to policy metrics. Manual mapping applied for pattern 'portal.geobon.org'.,Auto-generated from primary URL; review and enrich manually.,,,,,,,,,,,,,
readthedocs_torchgeo.datasets_—_torchgeo_0.7.2_docum,TorchGeo,TorchGeo dataset wrappers,TorchGeo,open-source library,https://torchgeo.readthedocs.io/en/stable/api/datasets.html#module-torchgeo.datasets,https://torchgeo.readthedocs.io/en/stable/_sources/api/datasets.rst.txt,https://torchgeo.readthedocs.io/en/stable/api/datamodules.html,https://pytorch.org/executorch/stable/index.html,https://www.sciencebase.gov/catalog/item/573ccf18e4b0dae0d5e4b109,open,False,REST,True,True,,,,,,,,,Run PyTorch locally or get started quickly with one of the supported cloud platforms,,,,"raster & vector, ready for ML","ML training datasets for remote sensing (segmentation, classification, etc.)","various (global/regional, depends on underlying dataset)",,,,,,,,,,,,,,,,,,,,,,,,,,,,,,Local/ML Datasets MCP,,,,,Not a dataset itself; points to many ML-ready EO datasets. Manual mapping applied for pattern 'torchgeo.readthedocs.io/en/stable/api/datasets.html'. Manual mapping applied for pattern 'torchgeo.readthedocs.io'.,Auto-generated from primary URL; review and enrich manually.,,,,,,,,,,,,,
hansen_gfc_2025_v1_13,Hansen_GFC,Global Forest Change 2000–2025 v1.13,,,https://storage.googleapis.com/earthenginepartners-hansen/GFC-2025-v1.13/download.html,,,,,http(s)_tiles; GEE asset,,,,,,,,,,,,,,,,,,,global,,,,,,,annual,,,,,,,,,,,,,,,,,,,,,,,,,,,,,,,Hansen et al. / UMD / Google Earth Engine,"Global 30 m forest cover and change dataset including treecover2000, loss, gain, lossyear, datamask layers in 10x10 degree tiles.",GEE asset: projects/earthengine-legacy/assets/UMD/hansen/global_forest_change_2025_v1_13,forest_cover; forest_loss; land_cover,2000–2025,GeoTIFF; tiled 10x10 degree; GEE ImageCollection,open (research / non-commercial; see original site),Download page provides per-tile URLs and layer names; total global volume per layer <10 GB. Good candidate for EO/forest MCP.,manual,,,
wri_gfw_forest_carbon_gross_removals,GFW_Forest_Carbon,GFW Forest Carbon Gross Removals,,,https://datasets.wri.org/datasets/gfw-forest-carbon-gross-removals,,,,,HTTP; CKAN-style API,,,,,,,,,,,,,,,,,,,global,,,,,,,irregular; depends on GFW releases,,,,,,,,,,,,,,,,,,,,,,,,,,,,,,,World Resources Institute / Global Forest Watch,Forest carbon gross removals dataset as published via WRI / GFW CKAN API. Provides spatially explicit carbon flux information.,https://datasets.wri.org/api/3/action/package_show?id=gfw-forest-carbon-gross-removals,forest_carbon; emissions; removals,varies by layer (see API metadata),raster; vector; tabular (as advertised in CKAN package),see WRI / GFW terms of use,Access metadata via CKAN package_show; individual resources have download URLs and formats. Good candidate for carbon / forest MCP.,manual,,,
google_solar_api,Google_Solar,Google Solar API,,,https://developers.google.com/maps/documentation/solar/overview,,,,,registration,,,,,,api_key,,,,,,,,,,,,,global,,,,,,,on_demand,,,,,,,,,,,,,,,,,,,,,,,,,,,,,,,Google,"Google Solar API provides solar potential data including rooftop analysis, solar panel configurations, and energy production estimates. Requires Google Cloud project with Solar API enabled.",https://solar.googleapis.com/v1,solar_potential; renewable_energy,current data; updated periodically,JSON,Google Maps Platform Terms of Service,"Access via REST API with API key or OAuth2. Provides building-level solar insights including imagery, data layers, and GeoTIFF downloads. Good candidate for solar/renewable energy MCP.",manual,"GOOGLE_MAPS_API_KEY, GOOGLE_APPLICATION_CREDENTIALS",True,https://console.cloud.google.com/apis/library/solar.googleapis.com
fao_faostat,FAO_FAOSTAT,FAO FAOSTAT - Food and Agriculture Statistics,,,https://www.fao.org/faostat/en/,,,,,open,,,,,,none,,,,,,,,,,,,,global,,,,,,,periodic,,,,,,,,,,,,,,,,,,,,,,,,,,,,,,,Food and Agriculture Organization (FAO),"FAOSTAT provides free access to food and agriculture data for over 245 countries and territories. Covers SDG indicators related to agriculture, food security, forestry, fisheries, land use, and rural development. Data available via SDMX REST API with structural metadata and dataflows.",https://nsi-release-ro-statsuite.fao.org/rest/data,agriculture; food_security; statistics,varies by indicator (1961-present for many series),"CSV, SDMX-JSON",open (FAO license),"SDMX REST API v1.0 with separate endpoints for structural metadata (/rest/dataflow, /rest/datastructure) and data (/rest/data/{flow_ref}). Requires Accept: application/vnd.sdmx.structure+json header for metadata. 28+ SDG indicator dataflows available. See docs/task3/fao/fao_api_fixes.md for details.",manual,,False,
fao_hand_in_hand_geospatial,FAO_Hand-in-Hand_Geospatial,FAO Hand-in-Hand Geospatial Platform,,,https://data.apps.fao.org/map/catalog/srv/eng/catalog.search,,,,,open,,,,,,none,,,,,,,,,,,,,global,,,,,,,periodic,,,,,,,,,,,,,,,,,,,,,,,,,,,,,,,Food and Agriculture Organization (FAO),"FAO Hand-in-Hand Geospatial Platform provides geospatial data layers for agricultural development, food security, and rural development. Includes soil maps, land cover, climate data, and agricultural indicators. Data accessible via OGC CSW catalog and WMS/WFS services.",https://data.apps.fao.org/map/catalog/srv/eng/csw,agriculture; soil; climate; land_use; geospatial,varies by layer,"GeoTIFF, Shapefile, GeoJSON (via WMS/WFS)",open (FAO license),OGC CSW 2.0.2 catalog service for metadata discovery. Layers available via WMS (raster) and WFS (vector) services. Server currently experiencing 502 errors (documented server-side issue). Implementation complete and tested. See mcp_servers/fao_mcp.py and tests/test_fao_clients.py for details.,manual,,False,
copernicus_landcover_100m,COPERNICUS_LANDCOVER,Copernicus Global Land Cover 100m,,,https://land.copernicus.eu/en/products/global-dynamic-land-cover,,,,,open,,,,,,none,,,,,,,,,,,,,global,,,,,,,annual,,,,,,,,,,,,,,,,,,,,,,,,,,,,,,,Copernicus Global Land Service,"Copernicus Global Land Cover provides annual land cover maps at 100m resolution based on PROBA-V satellite data. Includes discrete classification and fractional cover for forest, crops, urban, water, and other classes. Available through WMS, direct download, and STAC API.",https://s3-eu-west-1.amazonaws.com/vito.landcover.global,land_cover; land_use,2015-present (annual),GeoTIFF; WMS; STAC,open (Copernicus data policy),STAC catalog available for programmatic access. Discrete classification uses LCCS (Land Cover Classification System). Suitable for change detection and land use monitoring. Good candidate for land cover MCP server.,manual,,False,
google_dynamic_world,DYNAMIC_WORLD,Google Dynamic World V1,,,https://dynamicworld.app/,,,,,open,,,,,,none,,,,,,,,,,,,,global,,,,,,,near_real_time (2-5 day latency),,,,,,,,,,,,,,,,,,,,,,,,,,,,,,,Google / World Resources Institute,"Dynamic World is a near real-time 10m resolution global land cover dataset produced using Sentinel-2 imagery and deep learning. Provides probability estimates for 9 land cover classes: water, trees, grass, flooded vegetation, crops, shrub/scrub, built area, bare ground, and snow/ice. Available through Google Earth Engine and as Cloud Optimized GeoTIFFs.",https://www.dynamicworld.app/,land_cover; near_real_time,2015-present (near-real-time),GeoTIFF; Google Earth Engine,CC-BY-4.0,Updated continuously with 2-5 day latency. Accessible via Google Earth Engine asset: GOOGLE/DYNAMICWORLD/V1. Also available as COGs on AWS S3. Excellent for time series analysis and change detection. Good candidate for land cover MCP.,manual,,False,
geobon_ebv_portal,GEOBON_EBV,GEOBON Essential Biodiversity Variables,,,https://portal.geobon.org/,,,,,open,,,,,,none,,,,,,,,,,,,,global,,,,,,,periodic (varies by EBV),,,,,,,,,,,,,,,,,,,,,,,,,,,,,,,Group on Earth Observations Biodiversity Observation Network (GEO BON),"Essential Biodiversity Variables (EBVs) are measurements essential for studying, reporting, and managing biodiversity change. The GEOBON portal provides standardized EBV data products covering genetic composition, species populations, species traits, community composition, ecosystem functioning, and ecosystem structure. Accessible via OGC web services and direct download.",https://portal.geobon.org/api/v1,biodiversity; ecosystem; species,varies by EBV (1980s-present for many),NetCDF; GeoTIFF; WMS; WCS,varies by EBV (mostly CC-BY or CC0),"EBV data cubes follow standardized format (NetCDF-CF with specific metadata). Portal provides WMS/WCS endpoints for visualization and data access. Categories include habitat structure, species distributions, phenology, and productivity. Good candidate for biodiversity/ecosystem MCP server.",manual,,False,
wdpa_protected_areas,WDPA_PROTECTED_AREAS,World Database on Protected Areas (WDPA),,,https://www.protectedplanet.net/,,,,,open,,,,,,api_key,,,,,,,,,,,,,global,,,,,,,monthly,,,,,,,,,,,,,,,,,,,,,,,,,,,,,,,UNEP-WCMC / IUCN,"The World Database on Protected Areas (WDPA) is the most comprehensive global database of terrestrial and marine protected areas. Compiled by UNEP-WCMC and IUCN, it includes information on protected area boundaries, management categories (IUCN I-VI), governance types, and designation dates. Covers national parks, nature reserves, wilderness areas, and other conservation designations worldwide.",https://api.protectedplanet.net/,protected_areas; conservation; biodiversity,current (monthly updates),Shapefile; GeoPackage; GeoJSON; KML; CSV,open (non-commercial use; attribution required),"Available via Protected Planet portal and REST API. Downloadable by country or globally. Includes IUCN management categories, designation status, and spatial boundaries. API requires registration (free). Suitable for conservation planning, gap analysis, and protected area MCP server.",manual,PROTECTEDPLANET_API_KEY,True,https://api.protectedplanet.net/documentation
